CZ_ID,demographics_ethnicity_White,demographics_ethnicity_Two or more races,demographics_ethnicity_Hispanic,demographics_ethnicity_Black,demographics_ethnicity_Asian or Pacific Islander,demographics_ethnicity_Native American,demographics_ethnicity_Native Hawaiian or Other Pacific Islander,demographics_ethnicity_Unspecified,demographics_gender_Male,demographics_gender_Female,demographics_subgroup_Students from low-income families,demographics_ethnicity_Asian,demographics_subgroup_Students learning English,test_scores_English_overall_school_value,test_scores_English_overall_state_value,test_scores_English_Grade 3_state_value,test_scores_English_Grade 4_state_value,test_scores_English_Grade 5_state_value,test_scores_English_Grade 6_state_value,test_scores_Math_overall_school_value,test_scores_Math_overall_state_value,test_scores_Math_Grade 3_state_value,test_scores_Math_Grade 4_state_value,test_scores_Math_Grade 5_state_value,test_scores_Math_Grade 6_state_value,test_scores_Social Studies_overall_school_value,test_scores_Social Studies_overall_state_value,test_scores_Social Studies_Grade 5_state_value,test_scores_Science_overall_school_value,test_scores_Science_overall_state_value,test_scores_Science_Grade 5_state_value,teachers_staff_Students per teacher_school,teachers_staff_Students per teacher_state,teachers_staff_Students per counselor_school,teachers_staff_Students per counselor_state,teachers_staff_% of teachers with 3 or more years experience_school,teachers_staff_% of teachers with 3 or more years experience_state,teachers_staff_% of full time teachers who are certified_school,teachers_staff_% of full time teachers who are certified_state,teachers_staff_Average teacher salary_school,teachers_staff_Average teacher salary_state,teachers_staff_Nurse_state,teachers_staff_Psychologist_state,teachers_staff_Social worker_state,teachers_staff_Law enforcement officer_state,teachers_staff_Security guard_state,college_prep_4-year high school graduation rate_school_value,college_prep_4-year high school graduation rate_state_value,college_prep_AP course participation_school_value,college_prep_AP course participation_state_value,college_prep_Percentage of students enrolled in Dual Enrollment classes grades 9-12_school_value,college_prep_Percentage of students enrolled in Dual Enrollment classes grades 9-12_state_value,college_prep_Percentage of students enrolled in IB grades 9-12_school_value,college_prep_Percentage of students enrolled in IB grades 9-12_state_value,college_prep_SAT/ACT participation rate_school_value,college_prep_SAT/ACT participation rate_state_value,college_prep_Average SAT score_school_value,college_prep_Average SAT score_state_value,college_prep_SAT college readiness rate_state_value,test_scores_Social Studies_Grade 8_state_value,test_scores_Social Studies_Grade 11_state_value,test_scores_Science_Grade 8_state_value,test_scores_Science_Grade 11_state_value,test_scores_Math_Grade 7_state_value,test_scores_English_Grade 7_state_value,courses_programs_Academic programs,courses_programs_Art courses,courses_programs_International Baccalaureate,courses_programs_Music courses,courses_programs_Performance arts courses,courses_programs_Total Courses,courses_programs_AP Courses,courses_programs_STEM Programs,courses_programs_World language courses,college_prep_Average ACT score_school_value,college_prep_Average ACT score_state_value,college_prep_ACT college readiness rate_school_value,college_prep_ACT college readiness rate_state_value,college_prep_ACT participation rate_school_value,college_prep_ACT participation rate_state_value,courses_programs_Cambridge International courses,test_scores_Science_Grade 4_school_value,test_scores_Science_Grade 4_state_value,test_scores_Science_Grade 6_school_value,test_scores_Science_Grade 6_state_value,test_scores_Reading_overall_school_value,test_scores_Reading_overall_state_value,test_scores_Reading_Grade 3_school_value,test_scores_Reading_Grade 3_state_value,test_scores_English_Grade 8_school_value,test_scores_English_Grade 8_state_value,test_scores_Math_Grade 8_school_value,test_scores_Math_Grade 8_state_value,test_scores_Biology I_overall_school_value,test_scores_Biology I_overall_state_value,college_prep_SAT participation rate_school_value,college_prep_SAT participation rate_state_value,school_improvement_Strong Leaders,school_improvement_Collaborative Teachers,school_improvement_Ambitious Instruction,school_improvement_Engaged Families,school_improvement_Supported Students,test_scores_Social Studies_Grade 4_school_value,test_scores_Social Studies_Grade 4_state_value,test_scores_Social Studies_Grade 10_school_value,test_scores_Social Studies_Grade 10_state_value,neg,neu,pos,compound,County_FIPS,test_scores_English_Grade 3_school_value,test_scores_English_Grade 4_school_value,test_scores_English_Grade 5_school_value,test_scores_English_Grade 6_school_value,test_scores_Math_Grade 3_school_value,test_scores_Math_Grade 4_school_value,test_scores_Math_Grade 5_school_value,test_scores_Math_Grade 6_school_value,test_scores_Social Studies_Grade 5_school_value,test_scores_Science_Grade 5_school_value,teachers_staff_Nurse_school,teachers_staff_Psychologist_school,teachers_staff_Social worker_school,teachers_staff_Law enforcement officer_school,teachers_staff_Security guard_school,college_success_Graduates who accumulated 24 credits within 2 years_school_value,college_success_Graduates who accumulated 24 credits within 2 years_state_value,college_prep_SAT college readiness rate_school_value,college_success_Graduates pursuing 4-year college or vocational program_school_value,college_success_Graduates pursuing 4-year college or vocational program_state_value,college_success_Graduates pursuing 2-year college or vocational program_school_value,college_success_Graduates pursuing 2-year college or vocational program_state_value,college_success_Graduates pursuing college or vocational program_school_value,college_success_Graduates pursuing college or vocational program_state_value,college_success_Graduates needing remediation in college_school_value,college_success_Graduates needing remediation in college_state_value,college_success_Graduates needing reading remediation in college_school_value,college_success_Graduates needing reading remediation in college_state_value,college_success_Graduates needing remediation in 2-year college_school_value,college_success_Graduates needing remediation in 2-year college_state_value,college_success_Graduates who returned to college for a second year_school_value,college_success_Graduates who returned to college for a second year_state_value,advanced_courses_Algebra 1 participation rate_school_value,advanced_courses_Algebra 1 participation rate_state_value,advanced_courses_Algebra 1 pass rate_school_value,advanced_courses_Algebra 1 pass rate_state_value,advanced_courses_AP math course participation_school_value,advanced_courses_AP math course participation_state_value,advanced_courses_AP science course participation_school_value,advanced_courses_AP science course participation_state_value,advanced_courses_Other AP course participation_school_value,advanced_courses_Other AP course participation_state_value,test_scores_Social Studies_Grade 8_school_value,test_scores_Social Studies_Grade 11_school_value,test_scores_Science_Grade 8_school_value,test_scores_Science_Grade 11_school_value,test_scores_Math_Grade 7_school_value,test_scores_English_Grade 7_school_value,college_success_Graduates needing math remediation in college_school_value,college_success_Graduates needing math remediation in college_state_value,college_success_Graduates needing remediation in 4-year college_school_value,college_success_Graduates needing remediation in 4-year college_state_value,college_success_Graduates needing writing remediation in college_school_value,college_success_Graduates needing writing remediation in college_state_value,college_success_Graduates pursuing public college or vocational program_school_value,college_success_Graduates pursuing public college or vocational program_state_value,college_success_Percent needing remediation in in-state public institutions_school_value,college_success_Percent needing remediation in in-state public institutions_state_value,college_success_Graduates pursuing college_school_value,college_success_Graduates pursuing college_state_value,college_success_Graduates pursuing 4-year college_school_value,college_success_Graduates pursuing 4-year college_state_value,Absolute_Upward_Mobility
14500,1523444.5258769004,140646.3887841223,316184.29741412227,452368.86465435935,76145.62315170944,2783.643663054356,2164.7183242679903,26585.949690646077,1262253.3582540557,1245651.9987693727,1362783.9381978968,37864.45371119165,132680.84507767577,892134.0768109509,1010279.4206725999,983294.6490170851,1006531.699705616,1003086.1585636137,1016950.0362046021,952709.849042725,1067700.2141538234,1310172.4936383362,1201535.9166041696,1016348.350876701,945693.3420936137,815077.3110992307,981844.9545772834,981743.9361487511,823896.3992444412,938392.9635458903,0.0,414353.6711931413,419400.731389724,10130726.53282741,12678214.045656554,341165.5873330606,279000.52119471744,2420699.6341165826,2471392.3608312197,1325327243.0965571,1311961901.2610626,0.0,0.0,0.0,0.0,0.0,1936275.909013553,2139954.482498743,323086.32833558647,441470.9621627064,473648.71586126625,516400.51599153527,16614.87311385569,0.0,37618.58063514496,576818.236405556,23502873.22671703,24333521.88599407,703752.0974443887,0.0,0.0,0.0,0.0,816228.0834692962,988277.5415835486,26073.17841018455,99576.17737521429,193944.68238563623,64031.62661301268,50958.502846189265,191782.96368187972,283741.1191458622,32081.64668884656,36448.22479316267,452816.2483860041,539199.6557704109,376185.8063514495,702213.5051893723,231374.4959494937,0.0,0.0,795182.2131436217,927776.3956067333,719687.6564883012,956867.7468578261,1957616.2680158718,2054977.664829185,1957612.9774663467,2055084.0250961676,938972.4196998694,1095612.116119366,619526.3788859897,780202.0275500778,925607.6929105439,726700.9942261212,737145.0443505786,0.0,1131793.4259907051,1052511.2560499697,1161473.6771101004,1044421.2387090783,1162257.397539999,0.0,0.0,0.0,0.0,712.6631109213572,9312.996616724242,2381.4761459042966,9262.675715352996,17183,15.4,12.9,38.7,16.1,23.1,11.299999,6.5,1.6,34.090909,,Yes,Yes,Yes,Yes,Yes,,,34.0,9%,39%,25%,25%,34%,64%,16%,12%,,,,,76%,75%,8%,0%,100%,0%,0%,5%,0%,6%,0%,16%,,,,,16.4,34.4,,,,,,,30%,37%,17%,0%,,,,,40.8
14700,16850177.779016353,879710.1928696263,954261.9041297642,530808.1841721814,244156.85437695138,14910.342252027565,29820.68450405513,210350.52069398886,9840008.87248714,9692539.321723625,7893965.721874937,1367278.3845109278,290199.8109691993,9044766.254708726,7888764.934851989,7667086.6628982015,7842765.514766856,7811859.040353489,7904085.40566037,9789408.03703027,8220431.674101224,10220411.161153374,9372984.563221054,7913949.906635299,7328655.914447455,8805847.282966556,7646992.679086117,7646205.908038573,8618605.770748809,7310274.867975219,0.0,3074570.401048778,3297094.1615063515,83808864.1653996,97720825.38140075,1660028.7033243645,2155167.4165251344,19453501.90597689,19234910.206443533,10224571923.794046,10186068841.500288,0.0,0.0,0.0,0.0,0.0,17203667.58532981,16617691.134825123,3320533.219526539,3613521.4447788806,6016024.891848082,4297160.6370343445,0.0,0.0,0.0,0.0,174620982.25039563,187512464.16149867,5469113.538043711,0.0,0.0,0.0,0.0,6335861.023362323,7691338.567654738,208204.08680935635,651084.9450052037,0.0,350238.7980027993,347245.3040027753,869286.3860339746,1706974.877557121,240750.01454843578,204203.91456981387,0.0,0.0,0.0,0.0,0.0,0.0,0.0,8907653.842492938,7225885.586068016,8620975.46550722,7452460.412373056,17041420.752337378,16004970.118117917,17041367.92636887,16005798.493493447,9351301.174230667,8517657.933193699,7501953.511106999,6050376.393980535,7872674.535878236,5659831.684040437,0.0,0.0,7031717.406056199,5234722.957841838,8984972.241071811,6211350.375349645,9863936.916828835,0.0,0.0,0.0,0.0,4654.179401580244,59534.172534277146,18593.433773850593,63996.00160872705,17185,40.0,23.1,43.8,26.7,40.0,7.7,18.8,6.7,36.046511,,Yes,Yes,Yes,Yes,Yes,,,19.0,21%,39%,41%,25%,62%,64%,15%,12%,,,,,83%,75%,0%,17%,93%,81%,0%,5%,2%,6%,0%,16%,,,,,46.2,69.2,,,,,,,38%,37%,,,,,,,44.8
14801,679017.6450484426,26952.01328855035,20381.049273790246,22893.48688926973,4274.195209221034,1046.0977485373455,1868.8985298695038,7572.679757393314,395043.02782990434,362224.94151901256,378967.97814485256,0.0,1886.217820768949,297585.40431017074,272730.6374269197,236493.53803590641,276008.80215595785,274575.4339724588,269718.8681155644,248830.4185845249,231434.48991319528,283916.58412246226,243640.02138317618,218805.84540726012,201386.7869156688,48792.55748388686,74117.60312548705,74109.97743697136,56808.866689099654,70882.86412457326,0.0,97224.30009469592,0.0,2847214.90009302,3804304.168251133,63740.365769738295,84898.3127324984,744641.5423200725,0.0,344997194.15005594,451237845.0176643,0.0,0.0,0.0,0.0,0.0,616479.2379164607,655794.066990261,30061.243885409818,172548.91732917624,189001.46561160812,23475.307247919274,8433.21154800619,0.0,0.0,53008.758301753194,6978539.924761163,7269772.567097581,53008.758301753194,0.0,0.0,0.0,0.0,213113.2092638878,289514.0447524601,3786.339878696657,8708.58172100231,32183.888968921583,7761.996751328147,6152.802302882067,24124.39408426727,28938.454787181592,2103.522154831476,4101.868201921378,0.0,0.0,0.0,0.0,0.0,0.0,0.0,52704.79728397887,70036.07072399752,50746.0501095088,72232.12134926241,133887.20536946596,155126.34483020203,133887.86898121118,155134.3737639148,361985.60966049053,311973.18514722603,217822.91637078096,203581.5624459041,0.0,0.0,0.0,0.0,327007.8173114972,286063.7147141365,304938.0453215789,253937.1945312558,318465.6050700134,0.0,0.0,0.0,0.0,52.062173332079034,1325.0220488909904,442.5415214864141,1617.9988748607527,17047,21.7,59.099999,19.0,45.5,21.8,29.5,11.9,27.3,1.785714,,Yes,Yes,Yes,Yes,,,,8.0,18%,39%,50%,25%,68%,64%,25%,12%,,,,,68%,75%,49%,0%,100%,0%,0%,5%,0%,6%,0%,16%,,,,,17.1,61.0,,,,,,,30%,37%,,,,,,,49.0
14802,227849.55527137092,13182.056734416223,16149.659058955194,11099.816429352963,1713.899561510962,183.69136549479023,181.45122689119526,2776.46422774183,137698.428929849,132828.85440704392,133420.768195207,0.0,5631.632090063182,106058.09105960619,109037.35947913113,106230.05974585412,108622.90027885533,108141.86433301696,109419.86490420601,107029.11554797887,112771.13144598385,141628.02557201282,129816.55075738636,109443.96546602194,101384.54479147746,92914.35990499108,105911.43157978255,105900.53474079398,93504.19605129935,101248.75146193765,0.0,43576.46188717405,45665.005493403056,1044265.0017318993,1340121.5259122953,23159.345945151254,29849.49321924567,264113.8588878448,266404.9727475963,148530727.47337592,141088739.67367935,0.0,0.0,0.0,0.0,0.0,224867.55681643393,230212.1202266837,26588.9673150485,48694.911071164395,81853.82670533824,59516.00242031204,154.58701927353775,0.0,10821.091349147642,48694.911071164395,2452329.827000585,2597061.9237954346,75747.63944403351,0.0,0.0,0.0,0.0,88008.23201970053,106593.92953402226,2705.2728372869105,6867.231048497543,29758.00121015602,3852.964344014692,4328.436539659057,10978.898931322712,18828.6989475169,3590.634856762628,2705.2728372869105,0.0,0.0,0.0,0.0,0.0,0.0,0.0,94776.16444157716,100079.06623805479,95074.41619904617,103217.14485548787,227614.51052559953,221670.05628728948,227614.24255046007,221681.52934939243,110572.02466236941,118127.50893153175,61940.0758918736,84065.23036488588,70615.74101978526,78389.10030563449,0.0,0.0,132558.36902705865,121737.27767791098,136345.75099926032,125795.18693384137,143920.51494366367,0.0,0.0,0.0,0.0,61.73717380250551,727.9034908453618,192.81476190810181,755.1655219061685,17101,27.8,65.2,73.9,33.3,25.3,22.7,17.4,16.7,50.746268,,Yes,Yes,Yes,Yes,Yes,,,51.0,32%,39%,36%,25%,68%,64%,21%,12%,,,,,82%,75%,33%,0%,95%,0%,0%,5%,0%,6%,0%,16%,,,,,21.3,51.3,,,,,,,57%,37%,,,,,,,44.8
23200,4707574.688660126,168754.86231140204,265391.26641650137,103994.01633915037,88435.30324556716,104601.45802337436,5034.755021091648,60729.00709984297,2832051.8914502696,2595978.726628345,2343764.5055727665,130317.30464719242,93083.68284671736,2861168.903740073,2824465.6342089633,2789042.2990398575,2870145.2019054056,2886296.9572264617,2887175.145323781,2978829.460597401,2912211.796411313,3031976.5595440245,2941338.982678514,2890662.69926724,2833269.127676351,3457279.2487609214,3306549.9431213415,1009959.1110157414,2984927.1869935174,2791073.3404120137,2112226.312823244,701160.5714256376,777268.557900785,19071580.866405796,22734256.356342074,569511.9962763984,558075.6662192513,5350548.833995448,5320982.363771952,2897463381.9359026,3006578503.3661914,0.0,0.0,0.0,0.0,0.0,5026409.405111079,4870770.544981698,553430.8610818267,1228825.3534360263,1145260.3705508097,1170196.2049951972,6589.669531108032,53244.52981135289,665161.2424700446,1475119.4901036364,52609578.54275547,52090722.607586086,1520368.5542172452,3285528.5135888658,1960189.4574015192,2682817.260679893,2117656.200516877,2838186.443999876,2772703.723368984,58072.54405931838,251584.79647166317,0.0,174075.81135470557,83536.73374820028,222956.66179692073,337346.2141576258,68463.80135450326,97737.97848539433,1009901.0373505687,1031969.0301161361,271494.3846816509,1085977.5387266036,4979060.261340028,4942665.338420542,0.0,3095902.0156451566,2873353.3270332348,0.0,0.0,0.0,0.0,0.0,0.0,2695420.2209884343,2716228.496541553,2983505.154198752,2843420.7429020563,0.0,0.0,0.0,0.0,2731912.245859112,2643676.570837575,3576486.0275396137,3006800.3103492833,3359290.5197942937,3594683.1769718034,3418405.290823486,2542734.7064248202,2447587.6881439295,803.2394472046014,11074.612458942405,3259.35864729127,9826.067373509453,17085,40.8,52.5,48.9,54.3,42.9,27.5,18.6,40.0,<=20,15,Yes,Yes,Yes,Yes,Yes,50%,47%,<=20,30%,39%,33%,25%,64%,64%,30%,25%,,,,,38%,48%,50%,0%,93%,0%,8%,0%,0%,7%,2%,20%,13.043478,42.9,34.8,57.1,34.4,50.0,28%,19%,,,,,,,,,52%,53%,60%,52%,50.3
23301,4401906.393761642,171362.13523232692,176765.83532300178,125613.49597444742,45780.56275513455,3815.637291465171,1042.2241738271464,49348.48746867267,2574793.666565752,2368508.6442363868,2511427.5948349675,33486.47363945645,32820.568341909166,1608391.0123433685,1845835.2840349406,1669083.4277167404,1859284.2005985412,1849539.3740946457,1829081.8303038522,1442252.757397815,1714647.9022502198,2086713.7352580414,1846541.1259837667,1613280.1126329366,1473301.165614554,971472.5957555011,965996.6421992674,965897.2543455055,903613.9854779317,921846.0601351692,0.0,700608.6339270986,774647.8820394892,21689867.970395066,24809008.285052344,484598.6385285203,550678.0324450715,4819238.459704568,3652440.583057332,2493148424.4282327,2815499134.0821013,0.0,0.0,0.0,0.0,0.0,4160793.842620748,4252636.860965222,349928.7538490393,777238.6776315946,859074.9193504767,606986.3958646738,0.0,0.0,810137.6692773763,690878.8245614173,44859420.058605745,47374547.96992576,690878.8245614173,0.0,0.0,0.0,0.0,1449503.659014467,1902857.2511446266,49600.26546596181,122959.98127610939,0.0,88562.91054645719,62713.70282477151,163434.86314055213,293130.01556391566,29454.878457864,25445.313851034345,246742.43734336336,246742.43734336336,185056.8280075225,308428.0466792042,114118.37727130555,0.0,0.0,900153.1132181911,912800.8232763185,906632.087107223,941422.6005687363,2142449.8626392493,2021807.5315915192,2142442.108228071,2021912.1750591965,1731388.339878427,2067549.592574949,1011054.3771096976,1385294.0363158118,954166.6191228529,714971.0522345481,1394094.770990003,0.0,2720139.0993172396,2528997.8271161364,2369534.296113358,2570859.924724505,2326167.4434893727,0.0,0.0,0.0,0.0,1257.5465238397226,14411.218546731621,3539.3995966234875,8792.22526058999,17023,27.0,38.9,36.7,43.4,31.7,32.0,16.3,25.0,22.988505,,Yes,Yes,Yes,Yes,Yes,,,40.0,24%,39%,29%,25%,52%,64%,8%,12%,,,,,85%,75%,32%,0%,100%,0%,0%,5%,0%,6%,0%,16%,,,,,23.5,31.4,,,,,,,38%,37%,,,,,,,47.5
23302,19257501.187528495,439072.7524684836,586137.8800990733,145656.03762601683,142576.33642604746,13672.713130977205,8001.251746091191,210338.53723714026,10709193.622457787,9903982.877209703,10405154.183607824,104651.51221921717,73923.04059362179,8250357.937822654,7541347.707954071,6362582.609697345,7490459.627620031,7450697.492895888,7307848.75474395,6129576.189956391,6190612.1722554425,7589904.339826135,6535411.418294819,5883278.35657811,5405177.479578188,1664029.3262184116,1614011.731635472,1613845.6718843859,1584093.1780988614,1547380.6898094907,0.0,2700574.436437214,695900.8436783338,67272202.94351964,84524222.87642513,2422065.2462737286,2312229.5476763295,19936459.24047697,4059814.3653336065,9978876108.205713,12260888524.960375,0.0,0.0,0.0,0.0,0.0,17761526.40074517,17861765.679102093,678404.3156684154,4586431.804455844,4670460.205007194,2143770.3715209337,0.0,0.0,2741552.4943488864,3463013.6770722773,187345604.40016866,197886495.83270156,1154337.8923574258,0.0,0.0,0.0,0.0,5766808.834703452,7871573.071033733,124001.14078058285,107482.99252817867,41226.353298479495,151833.6426358635,72938.93275884833,384908.94007291074,585148.2403655153,59965.60479778836,46134.25250067943,0.0,0.0,0.0,0.0,0.0,0.0,0.0,1551408.0141467226,1525130.8059004478,1646464.5879772769,1572952.7985577376,3384916.164721209,3378087.3892774098,3384904.8063323325,3378262.2302417485,9515079.896150706,8472842.455673145,5356889.894706783,5508970.048813912,1881376.2586077417,1194591.7984343008,0.0,0.0,9552333.451772692,8376070.635161074,9622984.891651634,8507901.269458711,10048789.764707953,0.0,0.0,0.0,0.0,3993.6535782142714,34932.19387212377,12073.738678644517,23269.921160639627,17025,5.9,27.3,9.1,3.3,11.8,0.0,9.1,3.3,39.473684,,Yes,Yes,Yes,Yes,Yes,,,8.0,0%,39%,64%,25%,64%,64%,23%,12%,,,,,77%,75%,0%,17%,100%,91%,0%,5%,0%,6%,0%,16%,,,,,5.9,11.8,,,,,,,41%,37%,,,,,,,44.5
23400,814342.6103929833,50392.61793660292,65929.22944916897,46126.812668751074,15662.990396169236,1589.355046719238,2756.953865957114,10331.301085812453,513206.6494858042,482917.55579638475,439808.12320393143,0.0,0.0,287932.60528335965,343107.10705646867,286914.990154563,352666.3420649837,350673.876855577,340711.5508085436,259624.8367134587,277963.66834521876,328756.75955210347,275956.4315028262,255035.53684172995,233118.4295005824,0.0,0.0,0.0,0.0,0.0,0.0,104853.99949566025,0.0,2777627.6195517574,4782789.128542763,94613.98257241597,112544.0320016574,988113.2668261032,327457.00475972507,530992388.6481688,615658531.4841859,0.0,0.0,0.0,0.0,0.0,866822.9956479397,866722.3660919091,72503.59512007669,152755.6660545127,107767.0666833855,92981.70977231208,0.0,0.0,149434.89070550154,185963.41954462414,9119402.570942774,9573241.868640965,0.0,0.0,0.0,0.0,0.0,267986.5706651994,377572.1571825672,8855.400930696389,29886.97814110031,0.0,19924.652094066874,3320.775349011146,58488.49485677695,64865.811817351045,4566.066104890326,0.0,0.0,0.0,0.0,0.0,0.0,0.0,0.0,0.0,0.0,0.0,0.0,0.0,0.0,0.0,0.0,324301.3856821155,403474.20490485424,178270.28943261912,256031.7794087593,0.0,0.0,0.0,0.0,430466.3332308383,376241.44068401423,474437.73029785324,437918.0247748754,495806.19776105543,0.0,0.0,0.0,0.0,169.0166130576444,2608.8674113024235,626.8781333042356,2181.850497541562,17039,18.6,38.4,30.1,37.4,39.5,30.3,15.8,13.7,,,Yes,Yes,Yes,Yes,,,,,14%,39%,27%,25%,41%,64%,,,,,,,,,11%,17%,84%,83%,0%,5%,10%,0%,0%,16%,,,,,19.0,34.9,,,,,,,,,,,,,,,46.3
23500,25166176.961649973,1193965.5000610887,1470259.489246977,2580073.483393854,486098.5935154683,24733.782902187686,14380.424554681247,264712.1588729684,15639428.12737716,15238214.280576795,15184591.99839587,44118.69314549473,0.0,10842213.645816859,10764155.945434975,8894328.538131738,10932612.161453594,10870845.991049903,10562015.13903144,7428675.958648292,8512787.062595023,10191418.116609283,8554614.600911427,7906069.502841804,7226641.937232036,0.0,0.0,0.0,0.0,0.0,0.0,3832377.3484482397,1915192.4694459264,79973873.52392542,105507882.68556006,2771416.9899329487,3475256.1145608635,30670554.925560247,13051447.562364416,15583797159.407858,18928164755.710857,0.0,0.0,0.0,0.0,0.0,27871739.290815488,26868284.12560629,2297848.6013278505,6088379.654078273,3697146.4855924584,1764747.7258197893,0.0,0.0,3080955.4046603823,3705970.2242215574,290663264.38885003,296477617.9377246,0.0,0.0,0.0,0.0,0.0,8307549.919296658,11704689.291499753,308830.85201846313,827225.4964780263,0.0,635309.1812951241,345596.4296397087,1342216.6988949368,1518370.6082540394,235299.6967759719,198534.1191547263,0.0,0.0,0.0,0.0,0.0,0.0,0.0,0.0,0.0,0.0,0.0,0.0,0.0,0.0,0.0,13298087.768949173,12507649.506747756,6230835.434058752,7936952.896874502,0.0,0.0,0.0,0.0,14563300.488641173,12651446.683791615,15550760.030330822,14291287.7364977,16385924.467471018,0.0,0.0,0.0,0.0,5127.250234830838,71145.63153777838,17900.115739565685,63676.2292964322,17019,46.7,36.9,46.2,30.4,40.0,17.4,33.3,15.2,,,Yes,Yes,Yes,Yes,Yes,,,,90%,39%,4%,25%,93%,64%,,,,,,,,,2%,0%,0%,0%,0%,5%,0%,6%,0%,16%,,,,,5.9,41.1,,,,,,,,,,,,,,,40.5
23600,447772.770783406,16940.02012562857,11428.192681767334,6624.306377484605,970.8907057076673,2265.4116466512237,161.81511761794457,4854.453528538336,252386.90956632153,233058.43903986528,267916.5530565878,0.0,0.0,112019.04353223491,169860.36299701175,139808.2616219041,171847.65491025712,170876.76420454946,166022.31067601114,69969.86815191711,132041.13514188357,160196.9664417651,134468.36274051192,124274.00547612789,113594.21256779708,0.0,0.0,0.0,0.0,0.0,0.0,53562.970029157856,0.0,1421680.6542049914,1236469.7674981188,84067.26112095319,54618.3887046623,470827.23079611437,0.0,213964485.14068374,297418982.45599693,0.0,0.0,0.0,0.0,0.0,385119.97993070807,422337.4569828353,8899.831468986951,111652.43115638173,88998.31468986951,0.0,0.0,0.0,0.0,0.0,4281628.012170813,4660275.387396803,0.0,0.0,0.0,0.0,0.0,130584.79991768124,183983.78873160295,2427.226764269168,7281.680292807505,0.0,12136.13382134584,4854.453528538336,10517.982645166396,2427.226764269168,0.0,2427.226764269168,0.0,0.0,0.0,0.0,0.0,0.0,0.0,0.0,0.0,0.0,0.0,0.0,0.0,0.0,0.0,148643.36704384387,196605.36790580262,49952.32680865949,124759.45568343526,0.0,0.0,0.0,0.0,179614.78055591846,159226.07573605745,206314.2749628793,183741.06605517605,232462.12692341534,0.0,0.0,0.0,0.0,86.31825180432229,855.3951655078594,170.76551631118713,966.4610168628761,17067,38.5,48.6,26.5,63.9,30.8,32.4,14.7,36.099999,,,Yes,Yes,Yes,,,,,,25%,39%,33%,25%,58%,64%,,,,,,,,,24%,25%,100%,91%,11%,0%,0%,6%,0%,16%,,,,,19.3,40.3,,,,,,,,,,,,,,,51.4
23700,3737282.441729114,313846.03130999394,340468.09849400114,272871.6617288667,57525.92736796791,6854.6219967195475,479.3827280663992,46020.741894374325,2626805.1155319763,2049018.5409421846,2809348.7018090133,74783.70557835828,0.0,1349220.525022317,1602929.6991989282,1325397.3665579807,1629134.2630608513,1619930.1146819764,1573909.372787602,881601.2837271373,1273640.3813809662,1518684.4825143528,1274774.550474169,1178130.9464752409,1076885.3603283593,0.0,0.0,0.0,0.0,0.0,0.0,524413.9225628063,522680.5760653564,13009558.615971599,23566562.293475274,538489.3984548002,521612.5551797392,4139669.168644096,3421741.0929366187,2141728928.272085,2825734758.2316337,0.0,0.0,0.0,0.0,0.0,4023692.0797006353,4003804.5448105666,226652.15382979356,1043136.8162724847,536525.149251914,448702.2334701497,0.0,2556.707883020796,627032.6083108502,776600.0194675667,41889010.6444169,44179912.21859936,0.0,0.0,0.0,0.0,0.0,1237957.9569586692,1744186.1177967868,46020.741894374325,57525.92736796791,0.0,40268.149157577536,51773.33463117112,227638.31258467303,181206.67120909892,46020.741894374325,34515.55642078075,0.0,0.0,0.0,0.0,0.0,0.0,0.0,0.0,0.0,0.0,0.0,0.0,0.0,0.0,0.0,1610678.0280302947,1863840.0467221602,649563.5926949092,1182733.0666854202,0.0,0.0,0.0,0.0,1917165.6682823082,1604726.4188276038,2409937.3673665454,1694887.3111523967,2146175.630825962,0.0,0.0,0.0,0.0,836.8104901127065,8391.31200576525,1859.0063746433193,6438.92859950429,17057,0.0,5.9,5.1,22.7,21.6,20.6,5.1,11.4,,,Yes,Yes,Yes,Yes,Yes,,,,20%,39%,44%,25%,64%,64%,,,,,,,,,100%,25%,100%,91%,0%,5%,0%,6%,0%,16%,,,,,23.4,28.0,,,,,,,,,,,,,,,44.1
23801,11074597.91889847,634763.1944888536,1162656.1915625844,669914.279309228,165963.98497102858,23161.567517300944,7179.206933493566,154501.27979187807,7037287.119332344,6693304.62877865,6772638.251526114,34333.61773152846,0.0,4740353.236009402,4764386.784885546,3955232.762672079,4861640.270784429,4834173.3765992075,4696838.905673094,3629608.00794603,3777242.5434860205,4532037.540561757,3804164.8446533536,3515762.3183740433,3213626.619671064,0.0,0.0,0.0,0.0,0.0,0.0,1662171.1260103392,0.0,39629206.92727116,50967311.34796639,1231842.3046376507,1546083.1324732723,13661159.657394394,0.0,7194218006.469904,8425753560.094632,0.0,0.0,0.0,0.0,0.0,11908043.083218453,11948098.970571905,624871.842713818,2353760.2378170067,5150042.659729269,995674.9142143254,0.0,0.0,1424845.135858431,1922682.5929655938,128522175.70835486,131841092.08906928,0.0,0.0,0.0,0.0,0.0,3694297.2679124624,5204976.448099715,104145.30711896966,343336.1773152846,0.0,243768.68589385206,123601.02383350246,523170.0993793445,1047175.340811618,75533.9590093626,209435.06816232362,0.0,0.0,0.0,0.0,0.0,0.0,0.0,0.0,0.0,0.0,0.0,0.0,0.0,0.0,0.0,5946860.010373444,5562046.072507611,3424813.049141915,3529495.902801126,0.0,0.0,0.0,0.0,6406893.556114232,5617838.201321345,7294907.104184424,6160755.166205853,7063460.308840234,0.0,0.0,0.0,0.0,2577.4737311311724,39378.72486595288,14761.439205738085,39911.85646462096,17073,45.4,42.4,29.4,33.3,45.4,18.2,23.5,12.5,,,Yes,Yes,Yes,Yes,Yes,,,,59%,39%,17%,25%,76%,64%,,,,,,,,,32%,25%,100%,91%,0%,5%,0%,6%,0%,16%,,,,,0.0,27.8,,,,,,,,,,,,,,,46.9
23900,49951819.55973775,2341756.1698481627,4834450.496335208,2815679.8072764794,512787.3640478468,75713.35003483991,62303.79735628629,652538.3267749005,31872743.66193781,28919564.508051515,26953298.613056637,1742407.2846041906,0.0,21785879.118688557,20905055.782667965,17454375.581426326,21454336.65216986,21333125.71063218,18136187.127575792,17355309.838217456,16860435.68490686,19999805.353717666,16787715.40296907,15514999.910768693,12408970.139920278,0.0,0.0,0.0,0.0,0.0,0.0,7596131.333117821,5552218.690810484,200613218.82479343,227813092.17328322,4552675.843009205,6824487.979919272,60232143.25982215,29901834.604250852,32131936343.862667,37203898307.89177,0.0,0.0,0.0,0.0,0.0,52280515.71567145,52726759.56889203,4079595.9378400915,10454443.707625145,5794977.270945677,3787841.923052588,72149.36996290644,11654.898224777196,6808645.856687027,9065568.335839195,568677365.8322806,582327665.8824127,0.0,0.0,0.0,0.0,0.0,14265012.682216046,20098289.243717033,393935.5599974692,1598469.2915281923,1590893.607682087,854970.0340604413,643933.12691894,2640597.566248181,3421970.828212281,348481.45692083816,318178.72153641743,1515136.7692210353,1590893.607682087,1590893.607682087,2121191.4769094493,0.0,0.0,0.0,0.0,0.0,0.0,0.0,0.0,0.0,0.0,0.0,22864234.504376277,21477063.70370818,12771123.892979484,13628655.239143213,0.0,0.0,0.0,0.0,27778688.797887374,25046085.131667607,31614416.70786683,28159794.893175364,32849764.73614814,0.0,0.0,0.0,0.0,11966.152894406383,169098.9730965737,46670.03089211343,151124.81665329324,17011,54.2,25.0,17.2,15.4,54.099999,30.0,10.3,7.7,,,Yes,Yes,Yes,Yes,Yes,,,,25%,39%,23%,25%,48%,64%,,,,,,,,,0%,17%,100%,91%,1%,0%,0%,7%,0%,20%,,,,,0.0,50.0,,,,,,,,,,,,,,,47.2
24200,663731.547110244,29594.827924526788,86055.95388488125,41494.542684049615,9119.506687032737,983.8320609620894,385.7533014006919,8743.65918501019,423593.40260853036,406043.75084172224,427534.1942891289,12487.691916862655,31512.35937875903,305634.1429077887,325123.10392396414,307593.08423622383,325847.02957740234,323961.4919881832,324280.8096235845,308025.91187716706,321248.74492121255,400696.1822385639,366973.04454861576,311666.1524264395,285454.38879028463,323192.8859226583,324835.038362229,324801.61727577884,308594.25081064715,310779.2870196032,0.0,124713.34138293391,138964.12518101488,3191321.9295183984,4133289.1627305304,78642.16661661619,92330.63202681753,811609.9005648495,818001.9591329972,409786221.705957,449537962.9470102,0.0,0.0,0.0,0.0,0.0,722425.2420365519,709172.5200480237,97107.51663370772,180878.76976491936,196224.60367313883,117820.11608540617,0.0,0.0,129989.3299533824,232321.3556613643,7514292.011302137,7965303.622675346,232321.3556613643,0.0,0.0,0.0,0.0,259242.25814266535,324078.7858131307,8464.895397699918,22056.11909990343,0.0,15845.507847672538,14235.377185132616,38091.650847074336,54692.83901941946,10896.21265083121,8919.480619141665,0.0,0.0,0.0,0.0,0.0,0.0,0.0,310234.5188785016,306946.91626564955,311184.1608965202,316571.541982371,702971.579182497,679871.8529604353,702967.2865960199,679907.041348627,333040.45930222457,356607.49837969174,228964.63260166315,248163.2758481554,242276.23583064333,240422.83278722226,311144.67276075576,0.0,409063.7315413465,356397.9200196363,426059.9304002657,388503.77963539073,388646.8346573497,0.0,0.0,0.0,0.0,176.17783124902968,1859.3813325179733,492.88691881762065,1520.75279917788,17075,21.1,37.5,45.0,33.3,26.3,37.5,15.0,16.7,34.090909,,Yes,Yes,Yes,Yes,Yes,,,28.0,14%,39%,32%,25%,46%,64%,14%,12%,,,,,76%,75%,7%,0%,100%,0%,0%,5%,0%,6%,0%,16%,,,,,47.6,71.4,,,,,,,42%,37%,,,,,,,47.4
24300,1483728081.635631,96462918.10455096,507603840.49060714,243175922.3179694,102811093.82300374,7673444.655095977,2418168.831006342,29229741.18734086,1253172592.2566178,1188380875.3555465,1033308902.224381,97444011.98744938,74717966.78484131,994513389.3052062,923287212.7941654,827410360.8304753,952419963.7217159,947409358.6341497,918682206.162743,872253990.1616532,808910471.8084484,941457360.7025508,828002197.3393523,754888288.3443495,711392606.7580445,529822279.8270471,508971060.8670846,241666621.75540638,537352498.4962008,526150844.77846867,237269771.89139476,345439029.19818485,330173806.02881247,8874535006.334463,12339249224.9588,275784465.83026475,265187332.8645174,2411104749.483217,2105076494.4327369,1501403450517.0452,1451507759314.6519,0.0,0.0,0.0,0.0,0.0,2083428547.0805004,2100358287.2962167,410912543.5158964,445619680.3751395,243963984.66021,237805093.8112665,7145469.538259094,11352830.191695467,216881609.12381542,599871731.2973278,23588000570.63404,23451465882.525978,257048528.46072686,398755319.9741731,220191227.89921212,397014775.34698415,237879719.89111558,760836034.2017624,967210592.6329645,25714807.934032865,76625927.75823846,90805367.75675508,58260107.08679277,40307699.74660167,148548420.5433882,383007730.1018481,30036419.615974583,29685388.23141084,229594151.45198008,239896054.11892688,115915534.4469421,211270738.40329528,645073802.0555216,554955199.4720083,3049739.9986040457,531202956.8257732,548413011.5017356,188610483.90356144,232719931.88175738,478475273.76131886,499791390.97123104,478475377.2376976,499817258.8658992,1108551356.0439394,1037793738.3834418,786330698.3171778,757302891.1442044,237397763.9074958,176741045.38486052,352571727.6957606,0.0,1099589223.6984823,1065457845.1681086,1272386623.4626708,1257962873.3240714,1299938282.424488,395030651.65217674,383994952.9375544,271364991.7781186,274941453.4439113,664044.6249325199,8712830.87378903,2436541.503395069,9155385.88005675,17031,9.3,30.299999,22.9,51.4,23.3,24.2,17.1,20.0,26.086956,9,Full-time,Yes,Full-time,Full-time,Full-time,12%,47%,4.0,22%,39%,35%,25%,57%,64%,7%,12%,12%,2%,14%,13%,71%,75%,0%,17%,100%,0%,6%,0%,6%,0%,13%,20%,5.9,13.793103,13.4,24.1,16.7,33.0,17%,12%,9%,5%,11%,4%,40%,37%,0%,0%,51%,53%,0%,52%,38.0
24400,63644854.928290255,3840905.7315865923,13918224.377647959,3381428.1308942847,876957.3553048635,302038.0682270865,57138.83471777155,1120736.0200758716,45635354.60051066,40288483.26638117,39541251.237600036,827464.5575042414,1160854.4026450964,33096498.442102294,32884768.342350356,28821797.136373222,33524055.953628026,33516331.418333773,32713425.895469595,28356192.939727824,28433707.875518326,32472789.080698233,28583507.862361662,27110332.408849467,25233491.70138061,14110451.170361087,13241146.808341358,1991912.0926978718,12005856.618817147,11090778.58993323,4165880.666986409,10919138.6416609,12407914.492611656,277061617.3174821,362199393.60587054,9201206.38501564,9497383.953094605,84108673.68668821,73810884.48582216,48187023195.89406,51532249588.6702,0.0,0.0,0.0,0.0,0.0,76350508.3123345,75030725.39272125,8954449.951850198,17029008.606101256,10993107.391897853,9457247.76218178,69116.14445035702,179986.2175855734,9709679.018168837,17741582.61775703,800937857.2160014,823591395.1017733,2998577.3438462587,13021962.046031583,3866022.9326017834,10604524.399752738,4176589.87178586,27747038.861166384,34907276.388219655,753956.7674244307,2485116.6331128944,829963.3719574466,2102226.973484692,838192.306381267,3916496.7078511915,6520674.509940186,754932.8321588243,546169.444771997,4050207.95179234,4072197.623320624,0.0,0.0,19297962.964941602,19503798.055689666,0.0,12204150.00531848,11334057.342093637,0.0,0.0,0.0,0.0,0.0,0.0,35644483.06385412,36447792.00682529,23907564.99265378,26921697.16864338,0.0,0.0,0.0,0.0,35031129.248893246,32761045.92055609,41610494.81186531,34843916.44912804,39885338.33661557,14534688.674277,13484036.655079119,9440362.28730375,9654607.717829345,16191.478223002468,208561.2817692456,54376.03019922755,175422.02107068695,17007,30.3,30.8,32.8,12.7,28.8,13.8,17.7,5.1,28.571428,57.142857,Yes,Yes,Yes,Yes,Full-time,28%,47%,24,23%,39%,25%,25%,48%,64%,,,,,,,20%,48%,13%,0%,0%,91%,4%,0%,3%,0%,7%,20%,51.612903,70.6,25.806452,58.8,17.099999,25.7,,,,,,,,,,,32%,53%,33%,52%,42.9
24701,22597532.251083918,1177888.1269334888,1166157.2356738525,6154528.3072878,341028.7722767593,31840.990561870163,14625.526765260938,319689.639210662,16478303.475198533,14964666.920842797,13184693.514834318,134763.7823370472,0.0,12028598.814181183,10820459.370542193,9056126.173049573,11131488.4210401,11068598.655949477,10754149.830496369,10713319.857833516,8764124.10616818,10376811.239952635,8710232.465051152,8049889.617150795,7358102.515602777,0.0,0.0,0.0,0.0,0.0,0.0,4302864.839357995,0.0,112916286.62012953,162087494.83253136,4609308.067281028,3537924.109347429,31191137.538439516,0.0,18124699767.915947,19265412502.343376,0.0,0.0,0.0,0.0,0.0,28546309.39786504,27357047.814420585,1988888.8209909217,7232322.985421534,4168515.6795264273,3144488.254531102,0.0,0.0,6423740.291399251,8804567.112687085,297508902.8306234,301870872.43498576,0.0,0.0,0.0,0.0,0.0,8458673.404688662,11917610.484672874,255489.670680652,1218489.1986308019,0.0,887194.9003855608,510979.341361304,1755672.608779865,1951195.2758885296,373407.9802255683,424505.9143616987,0.0,0.0,0.0,0.0,0.0,0.0,0.0,0.0,0.0,0.0,0.0,0.0,0.0,0.0,0.0,13941169.292273415,12735177.43085096,9264750.874552118,8081334.814144931,0.0,0.0,0.0,0.0,14361401.939819297,13198989.4483943,17391628.152056053,14884973.398560232,17718871.45241023,0.0,0.0,0.0,0.0,8445.877651618277,113282.57155755455,28330.908985602022,104660.5140824113,17133,55.6,58.3,42.3,58.2,73.3,56.8,33.9,36.6,,,Yes,Yes,Yes,Yes,Yes,,,,54%,39%,19%,25%,73%,64%,,,,,,,,,16%,0%,100%,0%,0%,5%,0%,6%,0%,16%,,,,,41.9,36.9,,,,,,,,,,,,,,,51.1
24801,2365204.463547724,89641.80653308769,120467.949437427,109870.88758659312,13335.166199752715,3568.4195422154985,2733.6105531182952,18002.83733009621,1375033.1011190214,1325339.4668633179,1364473.0682312194,4500.709332524052,0.0,745806.2911196579,947734.3673021786,777722.5726601562,955950.6622281086,950549.8110290798,923545.5550339355,611710.7833373988,739119.6092990497,891140.4478397623,748017.8910654974,691308.9264714384,631899.5902863768,0.0,0.0,0.0,0.0,0.0,0.0,334221.61609134194,265046.7725923414,6531965.717887697,4505390.070229877,321448.4566200677,304929.05022302014,2539039.1125481324,1778796.4330121563,1113169304.8604407,1652276081.7904887,0.0,0.0,0.0,0.0,0.0,2407729.4692559503,2348245.0942444243,231309.18266547855,310548.9439441596,361966.1384399647,180028.3733009621,0.0,2250.354666262026,62259.81243324939,126019.86131067346,24722696.41084345,25924085.755338542,0.0,0.0,0.0,0.0,0.0,726414.486269382,1023461.3022159694,0.0,0.0,0.0,0.0,0.0,74261.70398664685,74261.70398664685,0.0,0.0,72011.34932038483,90014.18665048105,0.0,108017.02398057724,0.0,0.0,0.0,0.0,0.0,0.0,0.0,0.0,0.0,0.0,0.0,846928.4783296979,1093672.3678033447,409624.5578173139,694009.3790752088,0.0,0.0,0.0,0.0,1110148.5909056324,836249.1044034786,1229293.742356736,839007.231404692,1184951.0394567729,0.0,0.0,0.0,0.0,255.00902176540174,4196.109702842603,1199.325058115083,3758.808217178898,17009,23.4,31.5,42.6,43.9,42.6,22.9,46.3,26.8,,,Yes,Yes,Yes,,Yes,,,,29%,39%,44%,25%,73%,64%,,,,,,,,,23%,0%,100%,0%,3%,0%,8%,0%,11%,20%,,,,,17.4,17.4,,,,,,,,,,,,,,,44.4
24802,2699691.5321774925,149178.06526470123,62459.92818557203,193592.70166862183,35928.42072374777,1796.530048933076,348.8407862005973,31752.43974394073,1627560.7552963193,1511836.1549559631,1510721.4970440734,15697.835379026877,0.0,971404.4235435702,1113825.7881480898,904195.3178319482,1111406.7448351027,1105127.6106834924,1073731.9399254385,694616.3576417343,857181.2045339838,1036057.1350157739,869660.079998089,803729.1400105053,734658.6957384578,0.0,0.0,0.0,0.0,0.0,0.0,384087.01690593886,340721.5169017784,10746484.09909383,11656747.00391613,219326.0496085649,353238.7196676483,3110849.760413472,2321912.3310877113,1466729265.3584003,1923526179.7212818,0.0,0.0,0.0,0.0,0.0,2632647.7456426458,2730819.5930514834,134662.8034965541,722100.4274352363,175638.77084621985,235467.53068540315,28856.315034975876,0.0,317881.16642529424,659309.0859191288,29327299.817997206,30249326.26678533,0.0,0.0,0.0,0.0,0.0,844543.5433916459,1189895.9217302373,15697.835379026877,15697.835379026877,7848.917689513439,34011.97665455823,11773.376534270157,107922.61823080978,121255.71558799606,18052.51068588091,7848.917689513439,259014.28375394345,329654.5429595644,0.0,439539.3906127525,0.0,0.0,0.0,0.0,0.0,0.0,0.0,0.0,0.0,0.0,0.0,1216615.3290640533,1271524.6657011772,653502.4258323575,806868.7384819814,0.0,0.0,0.0,0.0,1514814.6325894361,1279294.7887831517,1442179.8718254184,1329575.8765342059,1537166.7828179374,0.0,0.0,0.0,0.0,411.3175635749194,7686.910648270353,2709.325767342223,8016.068830708259,17021,13.3,18.8,15.0,39.3,33.3,6.3,5.0,7.1,,,Yes,Yes,Yes,Yes,Yes,,,,11%,39%,32%,25%,42%,64%,,,,,,,,,27%,0%,100%,0%,0%,5%,0%,6%,0%,16%,,,,,14.3,18.3,,,,,,,,,,,,,,,45.1
24900,22348571.667270385,800577.8081509931,690366.8455959072,1162428.7922932305,106346.08737333212,22140.960571644584,17785.49763979586,209271.6948565761,13096130.280291766,12081259.061267002,12659287.356092256,69757.23161885871,0.0,8819196.017561264,8813653.71843695,7232429.774243271,8889861.597507354,8839636.390741775,8588510.356913883,6075967.009349397,6861807.649368322,8287159.116320414,6956191.13703259,6428826.214867984,5876349.191572656,0.0,0.0,0.0,0.0,0.0,0.0,3175042.6220904463,2442200.6789762434,70293062.6868034,84751967.0987221,1437915.2408225222,2828340.815728465,24588847.591286574,12383179.713601531,11196008691.581337,15421999484.002739,0.0,0.0,0.0,0.0,0.0,21786927.365360044,21834013.496702775,1585282.9151325775,4813248.98170125,5369911.690019743,1674173.5588526088,0.0,20927.16948565761,3662254.6599900816,4687685.964787304,230738785.3149637,241223297.22727814,0.0,0.0,0.0,0.0,0.0,6755290.309970276,9517676.682077082,334834.71177052177,652927.6879525174,0.0,352772.28561537113,209271.6948565761,2335621.5943814297,1477458.1656874274,93009.64215847828,58596.074559841305,0.0,0.0,0.0,0.0,0.0,0.0,0.0,0.0,0.0,0.0,0.0,0.0,0.0,0.0,0.0,9114654.26244768,10170604.3700296,5442284.809104655,6453939.069376808,0.0,0.0,0.0,0.0,11029887.96979497,9703519.986612039,12977539.809223568,9947616.098721158,12258940.429653112,0.0,0.0,0.0,0.0,3707.520809219226,45110.236311200126,12576.253468424497,33341.09552335281,17005,40.4,35.2,59.8,59.3,51.7,23.0,31.4,16.0,,,Yes,Yes,Yes,Yes,Yes,,,,27%,39%,36%,25%,62%,64%,,,,,,,,,39%,25%,100%,91%,3%,0%,2%,0%,4%,20%,,,,,28.5,31.4,,,,,,,,,,,,,,,43.3
25000,1200332.228790978,46556.85543351244,35991.970878290194,44462.49505912918,2576.2884605316726,858.7628201772243,214.69070504430607,13310.823712746977,709087.4383030661,621994.9224338962,700514.7055634517,6655.411856373488,0.0,415423.41243328026,466614.62270137656,383351.7229271129,471203.15943124297,468540.9946886936,455230.17097594665,309687.40525368764,365733.3665628964,439257.1825206502,368709.8168430912,340757.0737354989,311473.27487827925,0.0,0.0,0.0,0.0,0.0,0.0,156228.72998413388,96303.80956172438,3666742.892659104,6680096.778948777,137298.85815580294,149762.63327026906,1319728.7103833167,1312561.6778499577,583156113.3156738,815517466.8009177,0.0,0.0,0.0,0.0,0.0,1090378.3091358563,1158041.663008987,23626.712090125886,306148.9453931805,119298.25752549479,133108.23712746977,0.0,0.0,183023.82605027093,372703.0639569153,12310293.463672161,12778390.764237097,0.0,0.0,0.0,0.0,0.0,358061.1578728936,504480.2187131104,13310.823712746977,0.0,0.0,0.0,0.0,31850.899598358836,66554.11856373488,6655.411856373488,0.0,0.0,0.0,0.0,0.0,0.0,0.0,0.0,0.0,0.0,0.0,0.0,0.0,0.0,0.0,0.0,521839.7485320629,539088.3603662526,248246.8589150252,342088.1694175973,0.0,0.0,0.0,0.0,559054.595935373,481670.30716899404,583014.0786183176,521814.5414117559,589003.9492890537,0.0,0.0,0.0,0.0,423.04066963983996,3728.206751851465,830.113885470418,1990.096825575973,17001,28.6,10.0,43.3,44.3,39.7,20.0,18.3,24.6,,,Yes,Yes,Yes,Yes,Yes,,,,13%,39%,40%,25%,53%,64%,,,,,,,,,43%,27%,79%,81%,0%,5%,0%,6%,0%,16%,,,,,27.9,24.2,,,,,,,,,,,,,,,45.4
25401,649379.0501567863,32322.03417069977,12488.058656861274,29383.66742790888,5305.384396705771,5876.733485581777,0.0,3672.9584284886105,375262.1960476318,359329.48352849286,461832.6318834594,47748.45957035194,0.0,306152.5626652749,257780.4657060923,211562.40548094397,260045.45673699363,258576.2733655982,251230.356508621,196185.71771567105,199051.38953306517,242415.2562802483,203481.89693826903,188055.4641927,171894.45445326695,0.0,0.0,0.0,0.0,0.0,0.0,90798.52030392003,56857.39647300369,1791504.4715054953,1712865.798333521,52863.386584760105,83053.90858437632,729349.7947947247,365092.0677917679,418706418.27442074,448627616.22395575,0.0,0.0,0.0,0.0,0.0,653786.6002709727,639094.7665570183,25710.70899942027,168956.08771047607,157937.21242501025,0.0,0.0,0.0,0.0,0.0,6730696.320205379,7052080.182698132,0.0,0.0,0.0,0.0,0.0,197605.16345268724,278410.24887943664,0.0,0.0,0.0,0.0,0.0,18364.792142443053,18364.792142443053,0.0,0.0,0.0,0.0,0.0,0.0,0.0,0.0,0.0,0.0,0.0,0.0,0.0,0.0,0.0,0.0,0.0,285939.8118213591,297509.63270757743,99169.8775691925,188790.06322431457,0.0,0.0,0.0,0.0,437082.05299014464,396271.4037847156,378314.71813432686,185280.3473926477,432592.88157754746,0.0,0.0,0.0,0.0,41.13713439907244,2008.0063728547232,523.7638719024759,2045.0665233981736,17127,26.7,47.099999,40.0,54.5,50.0,29.4,13.3,9.1,,,Yes,Yes,Yes,Yes,,,,,13%,39%,33%,25%,47%,64%,,,,,,,,,0%,25%,91%,0%,0%,5%,0%,6%,0%,16%,,,,,16.7,33.4,,,,,,,,,,,,,,,41.4
25500,2322900.092236865,71216.27228081136,79569.86818039686,79022.6394890891,14502.749958921338,2541.12259884139,1870.958831423046,112491.72501031749,1327056.0443286544,1247786.0652814452,1221614.5566313998,1717.430916188053,0.0,1025533.3024361569,906675.701535056,741930.155793239,911955.8164958563,906803.5237472922,881042.0600044715,758514.5523400159,705171.9893991648,850128.3035130864,713592.545676136,659493.4460547487,602818.2515820067,0.0,0.0,0.0,0.0,0.0,0.0,338724.4101625469,228864.84389122,7479129.613050193,7521409.266265706,243055.26202873143,291359.61610033206,2533947.241841421,1020198.2687810486,1535683787.6976714,1575100457.3619525,0.0,0.0,0.0,0.0,0.0,2184572.125391204,2239529.9147092216,68811.73204193468,592513.6660848784,633331.2741929478,154568.7824569248,0.0,4817.728284371682,128807.318714104,288528.39391959296,23832359.466212567,24731005.193107966,0.0,0.0,0.0,0.0,0.0,692983.3746818794,976359.4758529082,25761.4637428208,36066.04923994912,0.0,41218.34198851328,15456.87824569248,66850.99841261997,100469.70859700111,15456.87824569248,0.0,95317.41584843695,103045.8549712832,82436.68397702657,123655.02596553984,0.0,0.0,0.0,0.0,0.0,0.0,0.0,0.0,0.0,0.0,0.0,1262805.483713229,1043339.2815842424,750603.1786998056,662069.6181904946,0.0,0.0,0.0,0.0,1216402.083275487,1191512.893655888,1462456.5928826444,1288626.0793745846,1551155.2942002334,0.0,0.0,0.0,0.0,577.6154247086273,8398.213589075567,2769.3469722762698,8180.183563885764,17027,43.8,52.9,52.6,54.5,56.3,52.9,47.4,54.5,,,Yes,Yes,Yes,Yes,Yes,,,,28%,39%,44%,25%,72%,64%,,,,,,,,,0%,17%,50%,83%,0%,5%,0%,6%,4%,16%,,,,,56.3,93.8,,,,,,,,,,,,,,,52.3
25601,80692505.22734235,5354538.16851475,4494433.690785135,12728829.818059077,594734.5202724981,22371.43256352722,18546.134597555276,1058433.3685969869,54984583.68597879,48916994.04303811,67100140.428063475,0.0,0.0,29118985.599636666,36473970.7110038,29928646.815309707,36787295.04381818,36579457.21871187,35540268.09318028,21035786.59625792,28383934.732149597,34293241.14254237,28785538.77722496,26603240.574419502,24317025.537439134,0.0,0.0,0.0,0.0,0.0,0.0,12348047.072294313,5284469.145758774,303757773.07771873,348525712.18389606,14386960.547545755,11714377.060481815,102908553.80416109,34370880.039788455,52235019430.722374,63589021815.38468,0.0,0.0,0.0,0.0,0.0,89479956.98118927,90409453.92124808,1690744.2121744074,23901349.8872265,15494639.762985656,8082582.0874679,0.0,152029.5202166581,11546545.839239856,19706104.898969352,927834237.4579579,997621560.5103235,0.0,0.0,0.0,0.0,0.0,27954187.47679969,39385267.85764714,1281666.588155624,2771171.0014175656,0.0,1308608.5284471835,538838.8058311932,4256551.64830835,3194544.34885636,115465.45839239856,230930.91678479713,0.0,0.0,0.0,0.0,0.0,0.0,0.0,0.0,0.0,0.0,0.0,0.0,0.0,0.0,0.0,38357144.06603483,42087159.58402928,17602709.11748798,26707160.526161786,0.0,0.0,0.0,0.0,45134815.85705688,38916735.65110526,51438706.576917775,41012467.48275723,49813082.90579807,0.0,0.0,0.0,0.0,18690.18344524337,251267.26825516712,64416.99245979184,207094.39448962559,17003,0.0,0.0,3.1,5.3,4.5,0.0,0.0,0.0,,,Yes,Yes,Yes,Yes,Yes,,,,13%,39%,17%,25%,30%,64%,,,,,,,,,38%,0%,100%,0%,0%,5%,0%,6%,0%,16%,,,,,0.0,0.0,,,,,,,,,,,,,,,35.7
25602,220707.95273383963,11624.385947217232,5146.971221407797,6700.773854285623,1194.4857740248285,0.0,0.0,815.7463822608585,127428.78044161497,117295.13185215312,152343.15187514498,0.0,0.0,90303.61000190966,85809.72152732346,70480.48742733817,86632.26579610317,86142.81796674665,83695.57881996408,41123.81445688046,66870.80931195011,80758.89184382498,67788.52436587733,62649.319710394775,57265.396034712256,0.0,0.0,0.0,0.0,0.0,0.0,31779.491852862706,0.0,621260.4673976545,760838.4932708801,29365.211662744376,27534.357510366935,236707.39258725563,0.0,185206966.17724866,149935594.7242348,0.0,0.0,0.0,0.0,0.0,203120.84918295377,212909.80577008406,407.87319113042923,56286.50037599923,50576.275700173224,0.0,0.0,326.2985529043434,0.0,0.0,2131341.3602520577,2349349.580911272,0.0,0.0,0.0,0.0,0.0,65830.73304845126,92750.3636630596,0.0,9788.9565871303,0.0,815.7463822608585,815.7463822608585,6525.971058086868,815.7463822608585,0.0,815.7463822608585,0.0,0.0,0.0,0.0,0.0,0.0,0.0,0.0,0.0,0.0,0.0,0.0,0.0,0.0,0.0,115978.74189793754,99113.18544469429,29387.263420947424,62894.04607231218,0.0,0.0,0.0,0.0,119280.24878392108,100246.1665311677,133782.40669078077,88372.52474492633,116461.39184077522,0.0,0.0,0.0,0.0,13.704539221982422,290.8815641411844,116.88286080494333,379.0732651047096,17059,42.2,60.5,37.8,37.5,37.8,15.8,0.0,2.1,,,Yes,Yes,Yes,Yes,Yes,,,,23%,39%,43%,25%,66%,64%,,,,,,,,,16%,25%,100%,91%,0%,5%,0%,6%,0%,16%,,,,,17.7,74.2,,,,,,,,,,,,,,,50.5
